{
  "shortcuts": [
    {
      "alias": "ya",
      "command": "yarn add"
    },
    {
      "alias": "yr",
      "command": "yarn remove"
    },
    {
      "alias": "yi",
      "command": "yarn install"
    },
    {
      "alias": "yin",
      "command": "yarn init"
    },
    {
      "alias": "ycl",
      "command": "yarn autoclean"
    },
    {
      "alias": "yck",
      "command": "yarn check"
    },
    {
      "alias": "yau",
      "command": "yarn audit"
    },
    {
      "alias": "yup",
      "command": "yarn upgrade"
    }
  ]
}
